"YEAR","TRIP_ID","SET_ID","BECKET","TRAP","total_count"
2020,85690,1,1,1,66
2020,85690,1,2,2,50
2020,85690,1,3,3,111
2020,85690,1,4,4,65
2020,85690,1,5,5,89
2020,85690,1,6,6,73
2020,85690,1,7,7,82
2020,85690,1,8,8,115
2020,85690,1,9,9,93
2020,85690,1,10,10,87
2020,85690,1,11,11,125
2020,85690,1,12,12,106
2020,85690,1,13,13,131
2020,85690,1,14,14,97
2020,85690,1,15,15,105
2020,85690,1,16,16,108
2020,85690,1,17,17,97
2020,85690,1,18,18,103
2020,85690,1,19,19,117
2020,85690,1,20,20,106
2020,85690,1,21,21,97
2020,85690,1,22,22,74
2020,85690,1,23,23,113
2020,85690,1,24,24,46
2020,85690,1,25,25,49
2020,85690,2,1,1,12
2020,85690,2,2,2,15
2020,85690,2,3,3,20
2020,85690,2,4,4,18
2020,85690,2,5,5,9
2020,85690,2,6,6,21
2020,85690,2,7,7,25
2020,85690,2,8,8,17
2020,85690,2,9,9,27
2020,85690,2,10,10,19
2020,85690,2,11,11,21
2020,85690,2,12,12,24
2020,85690,2,13,13,8
2020,85690,2,14,14,27
2020,85690,2,15,15,16
2020,85690,2,16,16,15
2020,85690,2,17,17,17
2020,85690,2,18,18,8
2020,85690,2,19,19,
2020,85690,2,20,20,31
2020,85690,2,21,21,30
2020,85690,2,22,22,28
2020,85690,2,23,23,14
2020,85690,2,24,24,17
2020,85690,2,25,25,15
2020,85690,3,1,1,6
2020,85690,3,2,2,19
2020,85690,3,3,3,10
2020,85690,3,4,4,2
2020,85690,3,5,5,7
2020,85690,3,6,6,14
2020,85690,3,7,7,14
2020,85690,3,8,8,2
2020,85690,3,9,9,4
2020,85690,3,10,10,4
2020,85690,3,11,11,14
2020,85690,3,12,12,19
2020,85690,3,13,13,17
2020,85690,3,14,14,12
2020,85690,3,15,15,17
2020,85690,3,16,16,17
2020,85690,3,17,17,13
2020,85690,3,18,18,11
2020,85690,3,19,19,14
2020,85690,3,20,20,20
2020,85690,3,21,21,17
2020,85690,3,22,22,14
2020,85690,3,23,23,5
2020,85690,3,24,24,11
2020,85690,3,25,25,4
2020,85690,4,1,1,48
2020,85690,4,2,2,87
2020,85690,4,3,3,43
2020,85690,4,4,4,45
2020,85690,4,5,5,83
2020,85690,4,6,6,36
2020,85690,4,7,7,60
2020,85690,4,8,8,99
2020,85690,4,9,9,62
2020,85690,4,10,10,65
2020,85690,4,11,11,16
2020,85690,4,12,12,53
2020,85690,4,13,13,29
2020,85690,4,14,14,65
2020,85690,4,15,15,60
2020,85690,4,17,16,53
2020,85690,4,18,17,32
2020,85690,4,19,18,61
2020,85690,4,20,19,77
2020,85690,4,21,20,28
2020,85690,4,22,21,30
2020,85690,4,23,22,53
2020,85690,4,24,23,41
2020,85690,4,25,24,63
2020,85690,4,26,25,66
2020,85690,5,1,1,87
2020,85690,5,2,2,67
2020,85690,5,3,3,75
2020,85690,5,4,4,68
2020,85690,5,5,5,60
2020,85690,5,6,6,88
2020,85690,5,7,7,94
2020,85690,5,8,8,93
2020,85690,5,9,9,75
2020,85690,5,10,10,87
2020,85690,5,11,11,64
2020,85690,5,12,12,73
2020,85690,5,13,13,59
2020,85690,5,14,14,55
2020,85690,5,15,15,91
2020,85690,5,16,16,34
2020,85690,5,17,17,101
2020,85690,5,18,18,86
2020,85690,5,19,19,54
2020,85690,5,20,20,70
2020,85690,5,21,21,24
2020,85690,5,22,22,14
2020,85690,5,23,23,60
2020,85690,5,24,24,3
2020,85690,5,25,25,43
2020,85690,6,1,1,9
2020,85690,6,2,2,8
2020,85690,6,3,3,14
2020,85690,6,4,4,18
2020,85690,6,5,5,6
2020,85690,6,6,6,6
2020,85690,6,7,7,13
2020,85690,6,8,8,16
2020,85690,6,9,9,20
2020,85690,6,10,10,7
2020,85690,6,11,11,20
2020,85690,6,12,12,23
2020,85690,6,13,13,18
2020,85690,6,14,14,23
2020,85690,6,15,15,14
2020,85690,6,16,16,12
2020,85690,6,17,17,19
2020,85690,6,18,18,24
2020,85690,6,19,19,9
2020,85690,6,20,20,17
2020,85690,6,21,21,11
2020,85690,6,22,22,27
2020,85690,6,23,23,8
2020,85690,6,24,24,19
2020,85690,6,25,25,11
2020,85690,7,1,1,13
2020,85690,7,2,2,20
2020,85690,7,3,3,
2020,85690,7,4,4,5
2020,85690,7,5,5,19
2020,85690,7,6,6,15
2020,85690,7,7,7,32
2020,85690,7,8,8,13
2020,85690,7,9,9,5
2020,85690,7,10,10,6
2020,85690,7,11,11,2
2020,85690,7,12,12,13
2020,85690,7,13,13,8
2020,85690,7,14,14,6
2020,85690,7,15,15,11
2020,85690,7,16,16,1
2020,85690,7,17,17,
2020,85690,7,18,18,3
2020,85690,7,19,19,27
2020,85690,7,20,20,3
2020,85690,7,21,21,2
2020,85690,7,22,22,
2020,85690,7,23,23,
2020,85690,7,24,24,3
2020,85690,7,25,25,7
2020,85690,8,1,1,
2020,85690,8,2,2,
2020,85690,8,3,3,
2020,85690,8,4,4,
2020,85690,8,5,5,
2020,85690,8,6,6,4
2020,85690,8,7,7,
2020,85690,8,8,8,
2020,85690,8,9,9,
2020,85690,8,10,10,
2020,85690,8,11,11,1
2020,85690,8,12,12,
2020,85690,8,13,13,
2020,85690,8,14,14,
2020,85690,8,15,15,
2020,85690,8,16,16,
2020,85690,8,17,17,
2020,85690,8,18,18,
2020,85690,8,19,19,
2020,85690,8,20,20,
2020,85690,8,21,21,
2020,85690,8,22,22,1
2020,85690,8,23,23,
2020,85690,8,24,24,
2020,85690,8,25,25,
2020,85690,9,1,1,19
2020,85690,9,2,2,33
2020,85690,9,3,3,52
2020,85690,9,4,4,36
2020,85690,9,5,5,31
2020,85690,9,6,6,24
2020,85690,9,7,7,19
2020,85690,9,8,8,38
2020,85690,9,9,9,45
2020,85690,9,10,10,39
2020,85690,9,11,11,14
2020,85690,9,12,12,19
2020,85690,9,13,13,5
2020,85690,9,14,14,24
2020,85690,9,15,15,24
2020,85690,9,16,16,20
2020,85690,9,17,17,33
2020,85690,9,18,18,50
2020,85690,9,19,19,36
2020,85690,9,20,20,36
2020,85690,9,21,21,16
2020,85690,9,22,22,31
2020,85690,9,23,23,30
2020,85690,9,24,24,51
2020,85690,9,25,25,63
2020,85690,10,1,1,30
2020,85690,10,2,2,8
2020,85690,10,3,3,60
2020,85690,10,4,4,54
2020,85690,10,5,5,56
2020,85690,10,6,6,57
2020,85690,10,7,7,46
2020,85690,10,8,8,33
2020,85690,10,9,9,34
2020,85690,10,10,10,64
2020,85690,10,11,11,11
2020,85690,10,12,12,25
2020,85690,10,13,13,28
2020,85690,10,14,14,40
2020,85690,10,15,15,40
2020,85690,10,16,16,
2020,85690,10,17,17,33
2020,85690,10,18,18,48
2020,85690,10,19,19,58
2020,85690,10,20,20,23
2020,85690,10,21,21,77
2020,85690,10,22,22,42
2020,85690,10,23,23,47
2020,85690,10,24,24,47
2020,85690,10,25,25,71
2020,85690,11,1,1,43
2020,85690,11,2,2,48
2020,85690,11,3,3,45
2020,85690,11,4,4,55
2020,85690,11,5,5,50
2020,85690,11,6,6,62
2020,85690,11,7,7,31
2020,85690,11,8,8,59
2020,85690,11,9,9,44
2020,85690,11,10,10,74
2020,85690,11,11,11,52
2020,85690,11,12,12,50
2020,85690,11,13,13,52
2020,85690,11,14,14,55
2020,85690,11,15,15,52
2020,85690,11,16,16,52
2020,85690,11,17,17,65
2020,85690,11,18,18,47
2020,85690,11,19,19,56
2020,85690,11,20,20,33
2020,85690,11,21,21,26
2020,85690,11,22,22,55
2020,85690,11,23,23,39
2020,85690,11,24,24,36
2020,85690,11,25,25,49
2020,85690,12,1,1,22
2020,85690,12,2,2,41
2020,85690,12,3,3,40
2020,85690,12,4,4,28
2020,85690,12,5,5,25
2020,85690,12,6,6,32
2020,85690,12,7,7,30
2020,85690,12,8,8,37
2020,85690,12,9,9,25
2020,85690,12,10,10,34
2020,85690,12,11,11,41
2020,85690,12,12,12,22
2020,85690,12,13,13,19
2020,85690,12,14,14,23
2020,85690,12,15,15,26
2020,85690,12,16,16,28
2020,85690,12,17,17,20
2020,85690,12,18,18,24
2020,85690,12,19,19,31
2020,85690,12,20,20,19
2020,85690,12,21,21,42
2020,85690,12,22,22,50
2020,85690,12,23,23,24
2020,85690,12,24,24,20
2020,85690,12,25,25,14
2020,85690,13,1,1,68
2020,85690,13,2,2,27
2020,85690,13,3,3,43
2020,85690,13,4,4,67
2020,85690,13,5,5,56
2020,85690,13,6,6,42
2020,85690,13,7,7,63
2020,85690,13,8,8,38
2020,85690,13,9,9,32
2020,85690,13,10,10,69
2020,85690,13,11,11,58
2020,85690,13,12,12,76
2020,85690,13,13,13,59
2020,85690,13,14,14,47
2020,85690,13,15,15,31
2020,85690,13,16,16,42
2020,85690,13,17,17,48
2020,85690,13,18,18,46
2020,85690,13,19,19,51
2020,85690,13,20,20,45
2020,85690,13,21,21,38
2020,85690,13,22,22,46
2020,85690,13,23,23,65
2020,85690,13,24,24,61
2020,85690,13,25,25,65
2020,85690,14,1,1,40
2020,85690,14,2,2,54
2020,85690,14,3,3,88
2020,85690,14,4,4,60
2020,85690,14,5,5,36
2020,85690,14,6,6,17
2020,85690,14,7,7,30
2020,85690,14,8,8,17
2020,85690,14,9,9,49
2020,85690,14,10,10,59
2020,85690,14,11,11,117
2020,85690,14,12,12,53
2020,85690,14,13,13,20
2020,85690,14,14,14,65
2020,85690,14,15,15,19
2020,85690,14,16,16,81
2020,85690,14,17,17,62
2020,85690,14,18,18,53
2020,85690,14,19,19,27
2020,85690,14,20,20,45
2020,85690,14,21,21,60
2020,85690,14,22,22,41
2020,85690,14,23,23,29
2020,85690,14,24,24,32
2020,85690,14,25,25,6
2020,85690,15,1,1,42
2020,85690,15,2,2,39
2020,85690,15,3,3,144
2020,85690,15,4,4,50
2020,85690,15,5,5,71
2020,85690,15,6,6,46
2020,85690,15,7,7,35
2020,85690,15,8,8,51
2020,85690,15,9,9,47
2020,85690,15,10,10,51
2020,85690,15,11,11,33
2020,85690,15,12,12,26
2020,85690,15,13,13,42
2020,85690,15,14,14,50
2020,85690,15,15,15,44
2020,85690,15,16,16,52
2020,85690,15,17,17,53
2020,85690,15,18,18,30
2020,85690,15,19,19,30
2020,85690,15,20,20,35
2020,85690,15,21,21,43
2020,85690,15,22,22,31
2020,85690,15,23,23,51
2020,85690,15,24,24,9
2020,85690,15,25,25,50
2020,85690,16,1,1,61
2020,85690,16,2,2,4
2020,85690,16,3,3,40
2020,85690,16,4,4,61
2020,85690,16,5,5,76
2020,85690,16,6,6,33
2020,85690,16,7,7,40
2020,85690,16,8,8,37
2020,85690,16,9,9,33
2020,85690,16,10,10,38
2020,85690,16,11,11,37
2020,85690,16,12,12,38
2020,85690,16,13,13,31
2020,85690,16,14,14,43
2020,85690,16,15,15,45
2020,85690,16,16,16,37
2020,85690,16,17,17,30
2020,85690,16,18,18,26
2020,85690,16,19,19,33
2020,85690,16,20,20,40
2020,85690,16,21,21,28
2020,85690,16,22,22,31
2020,85690,16,23,23,5
2020,85690,16,24,24,31
2020,85690,16,25,25,37
2020,85690,17,1,1,11
2020,85690,17,2,2,11
2020,85690,17,3,3,12
2020,85690,17,4,4,9
2020,85690,17,5,5,11
2020,85690,17,6,6,6
2020,85690,17,7,7,33
2020,85690,17,8,8,23
2020,85690,17,9,9,13
2020,85690,17,10,10,25
2020,85690,17,11,11,15
2020,85690,17,12,12,26
2020,85690,17,13,13,22
2020,85690,17,14,14,22
2020,85690,17,15,15,19
2020,85690,17,16,16,16
2020,85690,17,17,17,64
2020,85690,17,18,18,28
2020,85690,17,19,19,27
2020,85690,17,20,20,51
2020,85690,17,21,21,50
2020,85690,17,22,22,76
2020,85690,17,23,23,39
2020,85690,17,24,24,27
2020,85690,17,25,25,6
2020,85690,18,1,1,3
2020,85690,18,2,2,109
2020,85690,18,3,3,51
2020,85690,18,4,4,63
2020,85690,18,5,5,82
2020,85690,18,6,6,64
2020,85690,18,7,7,34
2020,85690,18,8,8,37
2020,85690,18,9,9,9
2020,85690,18,10,10,49
2020,85690,18,11,11,36
2020,85690,18,12,12,43
2020,85690,18,13,13,31
2020,85690,18,14,14,29
2020,85690,18,15,15,2
2020,85690,18,16,16,25
2020,85690,18,17,17,30
2020,85690,18,18,18,34
2020,85690,18,19,19,76
2020,85690,18,20,20,51
2020,85690,18,21,21,29
2020,85690,18,22,22,46
2020,85690,18,23,23,52
2020,85690,18,24,24,26
2020,85690,18,25,25,22
2020,85690,19,1,1,43
2020,85690,19,2,2,33
2020,85690,19,3,3,66
2020,85690,19,4,4,22
2020,85690,19,5,5,31
2020,85690,19,6,6,35
2020,85690,19,7,7,18
2020,85690,19,8,8,44
2020,85690,19,9,9,43
2020,85690,19,10,10,10
2020,85690,19,11,11,52
2020,85690,19,12,12,10
2020,85690,19,13,13,38
2020,85690,19,14,14,28
2020,85690,19,15,15,38
2020,85690,19,16,16,26
2020,85690,19,17,17,62
2020,85690,19,18,18,27
2020,85690,19,19,19,42
2020,85690,19,20,20,43
2020,85690,19,21,21,31
2020,85690,19,22,22,24
2020,85690,19,23,23,37
2020,85690,19,24,24,91
2020,85690,19,25,25,22
2020,85690,20,1,1,33
2020,85690,20,2,2,14
2020,85690,20,3,3,18
2020,85690,20,4,4,7
2020,85690,20,5,5,31
2020,85690,20,6,6,7
2020,85690,20,7,7,32
2020,85690,20,8,8,30
2020,85690,20,9,9,15
2020,85690,20,10,10,24
2020,85690,20,11,11,45
2020,85690,20,12,12,25
2020,85690,20,13,13,3
2020,85690,20,14,14,26
2020,85690,20,15,15,53
2020,85690,20,16,16,36
2020,85690,20,17,17,34
2020,85690,20,18,18,5
2020,85690,20,19,19,27
2020,85690,20,20,20,21
2020,85690,20,21,21,
2020,85690,20,22,22,17
2020,85690,20,23,23,25
2020,85690,20,24,24,16
2020,85690,20,25,25,22
2020,85690,21,1,1,5
2020,85690,21,2,2,7
2020,85690,21,3,3,
2020,85690,21,4,4,10
2020,85690,21,5,5,7
2020,85690,21,6,6,9
2020,85690,21,7,7,2
2020,85690,21,8,8,11
2020,85690,21,9,9,19
2020,85690,21,10,10,
2020,85690,21,11,11,17
2020,85690,21,12,12,21
2020,85690,21,13,13,24
2020,85690,21,14,14,14
2020,85690,21,15,15,23
2020,85690,21,16,16,15
2020,85690,21,17,17,16
2020,85690,21,18,18,31
2020,85690,21,19,19,10
2020,85690,21,20,20,19
2020,85690,21,21,21,14
2020,85690,21,22,22,
2020,85690,21,23,23,16
2020,85690,21,24,24,4
2020,85690,21,25,25,
2020,85690,22,1,1,8
2020,85690,22,2,2,9
2020,85690,22,3,3,8
2020,85690,22,4,4,5
2020,85690,22,5,5,7
2020,85690,22,6,6,23
2020,85690,22,7,7,21
2020,85690,22,8,8,7
2020,85690,22,9,9,6
2020,85690,22,10,10,9
2020,85690,22,11,11,9
2020,85690,22,12,12,7
2020,85690,22,13,13,6
2020,85690,22,14,14,23
2020,85690,22,15,15,21
2020,85690,22,16,16,16
2020,85690,22,17,17,7
2020,85690,22,18,18,3
2020,85690,22,19,19,14
2020,85690,22,20,20,4
2020,85690,22,21,21,
2020,85690,22,22,22,7
2020,85690,22,23,23,3
2020,85690,22,24,24,5
2020,85690,22,25,25,16
2020,85690,23,1,1,9
2020,85690,23,2,2,4
2020,85690,23,3,3,5
2020,85690,23,4,4,16
2020,85690,23,5,5,19
2020,85690,23,6,6,6
2020,85690,23,7,7,9
2020,85690,23,8,8,16
2020,85690,23,9,9,9
2020,85690,23,10,10,17
2020,85690,23,11,11,10
2020,85690,23,12,12,15
2020,85690,23,13,13,27
2020,85690,23,14,14,15
2020,85690,23,15,15,17
2020,85690,23,16,16,46
2020,85690,23,17,17,23
2020,85690,23,18,18,10
2020,85690,23,19,19,7
2020,85690,23,20,20,10
2020,85690,23,21,21,38
2020,85690,23,22,22,7
2020,85690,23,23,23,31
2020,85690,23,24,24,20
2020,85690,23,25,25,17
2020,85690,24,1,1,20
2020,85690,24,2,2,11
2020,85690,24,3,3,18
2020,85690,24,4,4,14
2020,85690,24,5,5,20
2020,85690,24,6,6,13
2020,85690,24,7,7,22
2020,85690,24,8,8,26
2020,85690,24,9,9,15
2020,85690,24,10,10,11
2020,85690,24,11,11,9
2020,85690,24,12,12,23
2020,85690,24,13,13,13
2020,85690,24,14,14,34
2020,85690,24,15,15,16
2020,85690,24,16,16,15
2020,85690,24,17,17,14
2020,85690,24,18,18,12
2020,85690,24,19,19,3
2020,85690,24,20,20,2
2020,85690,24,21,21,5
2020,85690,24,22,22,18
2020,85690,24,23,23,16
2020,85690,24,24,24,26
2020,85690,24,25,25,24
2020,85690,25,1,1,93
2020,85690,25,2,2,82
2020,85690,25,3,3,75
2020,85690,25,4,4,54
2020,85690,25,5,5,17
2020,85690,25,6,6,40
2020,85690,25,7,7,20
2020,85690,25,8,8,14
2020,85690,25,9,9,51
2020,85690,25,10,10,6
2020,85690,25,11,11,60
2020,85690,25,12,12,22
2020,85690,25,13,13,11
2020,85690,25,14,14,10
2020,85690,25,15,15,13
2020,85690,25,16,16,62
2020,85690,25,17,17,8
2020,85690,25,18,18,6
2020,85690,25,19,19,9
2020,85690,25,20,20,15
2020,85690,25,21,21,4
2020,85690,25,22,22,6
2020,85690,25,23,23,4
2020,85690,25,24,24,27
2020,85690,25,25,25,37
2020,85690,26,1,1,11
2020,85690,26,2,2,11
2020,85690,26,3,3,11
2020,85690,26,4,4,13
2020,85690,26,5,5,19
2020,85690,26,6,6,18
2020,85690,26,7,7,19
2020,85690,26,8,8,13
2020,85690,26,9,9,8
2020,85690,26,10,10,9
2020,85690,26,11,11,17
2020,85690,26,12,12,15
2020,85690,26,13,13,17
2020,85690,26,14,14,16
2020,85690,26,15,15,3
2020,85690,26,16,16,2
2020,85690,26,17,17,3
2020,85690,26,18,18,9
2020,85690,26,19,19,7
2020,85690,26,20,20,4
2020,85690,26,21,21,11
2020,85690,26,22,22,
2020,85690,26,23,23,2
2020,85690,26,24,24,6
2020,85690,26,25,25,8
2020,85690,27,1,1,15
2020,85690,27,2,2,9
2020,85690,27,3,3,11
2020,85690,27,4,4,10
2020,85690,27,5,5,11
2020,85690,27,6,6,18
2020,85690,27,7,7,6
2020,85690,27,8,8,20
2020,85690,27,9,9,14
2020,85690,27,10,10,33
2020,85690,27,11,11,29
2020,85690,27,12,12,10
2020,85690,27,13,13,21
2020,85690,27,14,14,25
2020,85690,27,15,15,11
2020,85690,27,16,16,16
2020,85690,27,17,17,12
2020,85690,27,18,18,22
2020,85690,27,19,19,34
2020,85690,27,20,20,13
2020,85690,27,21,21,23
2020,85690,27,22,22,15
2020,85690,27,23,23,33
2020,85690,27,24,24,26
2020,85690,27,25,25,26
2020,85690,28,1,1,20
2020,85690,28,2,2,20
2020,85690,28,3,3,28
2020,85690,28,4,4,23
2020,85690,28,5,5,31
2020,85690,28,6,6,34
2020,85690,28,7,7,15
2020,85690,28,8,8,29
2020,85690,28,9,9,30
2020,85690,28,10,10,27
2020,85690,28,11,11,21
2020,85690,28,12,12,44
2020,85690,28,13,13,34
2020,85690,28,14,14,33
2020,85690,28,15,15,29
2020,85690,28,16,16,25
2020,85690,28,17,17,20
2020,85690,28,18,18,8
2020,85690,28,19,19,32
2020,85690,28,20,20,17
2020,85690,28,21,21,33
2020,85690,28,22,22,22
2020,85690,28,23,23,28
2020,85690,28,24,24,12
2020,85690,28,25,25,18
2020,85690,29,1,1,38
2020,85690,29,2,2,22
2020,85690,29,3,3,13
2020,85690,29,4,4,22
2020,85690,29,5,5,36
2020,85690,29,6,6,24
2020,85690,29,7,7,35
2020,85690,29,8,8,20
2020,85690,29,9,9,30
2020,85690,29,10,10,9
2020,85690,29,11,11,46
2020,85690,29,12,12,50
2020,85690,29,13,13,47
2020,85690,29,14,14,31
2020,85690,29,15,15,31
2020,85690,29,16,16,32
2020,85690,29,17,17,27
2020,85690,29,18,18,14
2020,85690,29,19,19,24
2020,85690,29,20,20,13
2020,85690,29,21,21,25
2020,85690,29,22,22,23
2020,85690,29,23,23,8
2020,85690,29,24,24,16
2020,85690,29,25,25,31
2020,85690,30,1,1,2
2020,85690,30,2,2,1
2020,85690,30,3,3,
2020,85690,30,4,4,
2020,85690,30,5,5,
2020,85690,30,6,6,1
2020,85690,30,7,7,4
2020,85690,30,8,8,6
2020,85690,30,9,9,
2020,85690,30,10,10,1
2020,85690,30,11,11,
2020,85690,30,12,12,1
2020,85690,30,13,13,4
2020,85690,30,14,14,1
2020,85690,30,15,15,2
2020,85690,30,16,16,
2020,85690,30,17,17,
2020,85690,30,18,18,
2020,85690,30,19,19,2
2020,85690,30,20,20,
2020,85690,30,21,21,1
2020,85690,30,22,22,
2020,85690,30,23,23,1
2020,85690,30,24,24,
2020,85690,30,25,25,1
2020,85690,31,1,1,10
2020,85690,31,2,2,24
2020,85690,31,3,3,3
2020,85690,31,4,4,21
2020,85690,31,5,5,21
2020,85690,31,6,6,6
2020,85690,31,7,7,23
2020,85690,31,8,8,17
2020,85690,31,9,9,36
2020,85690,31,10,10,27
2020,85690,31,11,11,16
2020,85690,31,12,12,19
2020,85690,31,13,13,13
2020,85690,31,14,14,25
2020,85690,31,15,15,18
2020,85690,31,16,16,29
2020,85690,31,17,17,23
2020,85690,31,18,18,49
2020,85690,31,19,19,9
2020,85690,31,20,20,17
2020,85690,31,21,21,25
2020,85690,31,22,22,13
2020,85690,31,23,23,14
2020,85690,31,24,24,8
2020,85690,31,25,25,10
2020,85690,32,1,1,31
2020,85690,32,2,2,3
2020,85690,32,3,3,7
2020,85690,32,4,4,5
2020,85690,32,5,5,10
2020,85690,32,6,6,9
2020,85690,32,7,7,17
2020,85690,32,8,8,3
2020,85690,32,9,9,
2020,85690,32,10,10,15
2020,85690,32,11,11,9
2020,85690,32,12,12,5
2020,85690,32,13,13,18
2020,85690,32,14,14,
2020,85690,32,15,15,2
2020,85690,32,16,16,
2020,85690,32,17,17,2
2020,85690,32,18,18,19
2020,85690,32,19,19,14
2020,85690,32,20,20,8
2020,85690,32,21,21,14
2020,85690,32,22,22,15
2020,85690,32,23,23,28
2020,85690,32,24,24,8
2020,85690,32,25,25,2
2020,85690,33,1,1,6
2020,85690,33,2,2,3
2020,85690,33,3,3,7
2020,85690,33,4,4,3
2020,85690,33,5,5,9
2020,85690,33,6,6,1
2020,85690,33,7,7,
2020,85690,33,8,8,
2020,85690,33,9,9,6
2020,85690,33,10,10,15
2020,85690,33,11,11,3
2020,85690,33,12,12,3
2020,85690,33,13,13,10
2020,85690,33,14,14,2
2020,85690,33,15,15,
2020,85690,33,16,16,
2020,85690,33,17,17,
2020,85690,33,18,18,
2020,85690,33,19,19,3
2020,85690,33,20,20,1
2020,85690,33,21,21,4
2020,85690,33,22,22,14
2020,85690,33,23,23,1
2020,85690,33,24,24,1
2020,85690,33,25,25,
2020,85690,34,1,1,88
2020,85690,34,2,2,71
2020,85690,34,3,3,55
2020,85690,34,4,4,55
2020,85690,34,5,5,60
2020,85690,34,6,6,33
2020,85690,34,7,7,42
2020,85690,34,8,8,43
2020,85690,34,9,9,2
2020,85690,34,10,10,59
2020,85690,34,11,11,9
2020,85690,34,12,12,11
2020,85690,34,13,13,31
2020,85690,34,14,14,48
2020,85690,34,15,15,36
2020,85690,34,16,16,42
2020,85690,34,17,17,64
2020,85690,34,18,18,34
2020,85690,34,19,19,27
2020,85690,34,20,20,72
2020,85690,34,21,21,14
2020,85690,34,22,22,24
2020,85690,34,23,23,49
2020,85690,34,24,24,28
2020,85690,34,25,25,36
2020,85690,35,1,1,
2020,85690,35,2,2,
2020,85690,35,3,3,13
2020,85690,35,4,4,
2020,85690,35,5,5,6
2020,85690,35,6,6,9
2020,85690,35,7,7,33
2020,85690,35,8,8,
2020,85690,35,9,9,
2020,85690,35,10,10,
2020,85690,35,11,11,18
2020,85690,35,12,12,
2020,85690,35,13,13,
2020,85690,35,14,14,
2020,85690,35,15,15,2
2020,85690,35,16,16,7
2020,85690,35,17,17,8
2020,85690,35,18,18,21
2020,85690,35,19,19,29
2020,85690,35,20,20,19
2020,85690,35,21,21,24
2020,85690,35,22,22,21
2020,85690,35,23,23,36
2020,85690,35,24,24,36
2020,85690,35,25,25,15
2020,85690,36,1,1,61
2020,85690,36,2,2,59
2020,85690,36,3,3,44
2020,85690,36,4,4,55
2020,85690,36,5,5,2
2020,85690,36,6,6,25
2020,85690,36,7,7,18
2020,85690,36,8,8,3
2020,85690,36,9,9,50
2020,85690,36,10,10,38
2020,85690,36,11,11,8
2020,85690,36,12,12,1
2020,85690,36,13,13,
2020,85690,36,14,14,1
2020,85690,36,15,15,5
2020,85690,36,16,16,44
2020,85690,36,17,17,2
2020,85690,36,18,18,21
2020,85690,36,19,19,5
2020,85690,36,20,20,6
2020,85690,36,21,21,4
2020,85690,36,22,22,13
2020,85690,36,23,23,11
2020,85690,36,24,24,
2020,85690,36,25,25,2
2020,85690,37,1,1,38
2020,85690,37,2,2,32
2020,85690,37,3,3,45
2020,85690,37,4,4,13
2020,85690,37,5,5,43
2020,85690,37,6,6,10
2020,85690,37,7,7,63
2020,85690,37,8,8,77
2020,85690,37,9,9,39
2020,85690,37,10,10,23
2020,85690,37,11,11,39
2020,85690,37,12,12,41
2020,85690,37,13,13,33
2020,85690,37,14,14,26
2020,85690,37,15,15,92
2020,85690,37,16,16,67
2020,85690,37,17,17,78
2020,85690,37,18,18,41
2020,85690,37,19,19,35
2020,85690,37,20,20,10
2020,85690,37,21,21,38
2020,85690,37,22,22,8
2020,85690,37,23,23,13
2020,85690,37,24,24,8
2020,85690,37,25,25,16
2020,85690,38,1,1,2
2020,85690,38,2,2,1
2020,85690,38,3,3,
2020,85690,38,4,4,10
2020,85690,38,5,5,3
2020,85690,38,6,6,
2020,85690,38,7,7,
2020,85690,38,8,8,3
2020,85690,38,9,9,4
2020,85690,38,10,10,
2020,85690,38,11,11,4
2020,85690,38,12,12,4
2020,85690,38,13,13,3
2020,85690,38,14,14,4
2020,85690,38,15,15,4
2020,85690,38,16,16,3
2020,85690,38,17,17,5
2020,85690,38,18,18,6
2020,85690,38,19,19,2
2020,85690,38,20,20,6
2020,85690,38,21,21,
2020,85690,38,22,22,3
2020,85690,38,23,23,7
2020,85690,38,24,24,7
2020,85690,38,25,25,3
2020,85690,39,1,1,
2020,85690,39,2,2,
2020,85690,39,3,3,
2020,85690,39,4,4,
2020,85690,39,5,5,2
2020,85690,39,6,6,2
2020,85690,39,7,7,1
2020,85690,39,8,8,
2020,85690,39,9,9,2
2020,85690,39,10,10,
2020,85690,39,11,11,
2020,85690,39,12,12,
2020,85690,39,13,13,
2020,85690,39,14,14,
2020,85690,39,15,15,
2020,85690,39,16,16,
2020,85690,39,17,17,
2020,85690,39,18,18,2
2020,85690,39,19,19,
2020,85690,39,20,20,
2020,85690,39,21,21,
2020,85690,39,22,22,
2020,85690,39,23,23,
2020,85690,39,24,24,
2020,85690,39,25,25,
2020,85690,40,1,1,
2020,85690,40,2,2,
2020,85690,40,3,3,
2020,85690,40,4,4,
2020,85690,40,5,5,
2020,85690,40,6,6,
2020,85690,40,7,7,
2020,85690,40,8,8,
2020,85690,40,9,9,
2020,85690,40,10,10,
2020,85690,40,11,11,
2020,85690,40,12,12,1
2020,85690,40,13,13,
2020,85690,40,14,14,
2020,85690,40,15,15,
2020,85690,40,16,16,
2020,85690,40,17,17,
2020,85690,40,18,18,
2020,85690,40,19,19,
2020,85690,40,20,20,
2020,85690,40,21,21,
2020,85690,40,22,22,
2020,85690,40,23,23,
2020,85690,40,24,24,1
2020,85690,40,25,25,1
2020,85690,41,1,1,
2020,85690,41,2,2,7
2020,85690,41,3,3,6
2020,85690,41,4,4,4
2020,85690,41,5,5,4
2020,85690,41,6,6,5
2020,85690,41,7,7,7
2020,85690,41,8,8,9
2020,85690,41,9,9,6
2020,85690,41,10,10,1
2020,85690,41,11,11,1
2020,85690,41,12,12,1
2020,85690,41,13,13,8
2020,85690,41,14,14,
2020,85690,41,15,15,4
2020,85690,41,16,16,10
2020,85690,41,17,17,12
2020,85690,41,18,18,6
2020,85690,41,19,19,9
2020,85690,41,20,20,2
2020,85690,41,21,21,15
2020,85690,41,22,22,7
2020,85690,41,23,23,20
2020,85690,41,24,24,1
2020,85690,41,25,25,7
2020,85690,42,1,1,26
2020,85690,42,2,2,44
2020,85690,42,3,3,18
2020,85690,42,4,4,20
2020,85690,42,5,5,38
2020,85690,42,6,6,11
2020,85690,42,7,7,22
2020,85690,42,8,8,35
2020,85690,42,9,9,19
2020,85690,42,10,10,23
2020,85690,42,11,11,40
2020,85690,42,12,12,32
2020,85690,42,13,13,13
2020,85690,42,14,14,14
2020,85690,42,15,15,31
2020,85690,42,16,16,10
2020,85690,42,17,17,13
2020,85690,42,18,18,20
2020,85690,42,19,19,38
2020,85690,42,20,20,28
2020,85690,42,21,21,29
2020,85690,42,22,22,28
2020,85690,42,23,23,13
2020,85690,42,24,24,22
2020,85690,42,25,25,12
2020,85690,43,1,1,3
2020,85690,43,2,2,5
2020,85690,43,3,3,
2020,85690,43,4,4,
2020,85690,43,5,5,1
2020,85690,43,6,6,
2020,85690,43,7,7,2
2020,85690,43,8,8,1
2020,85690,43,9,9,4
2020,85690,43,10,10,
2020,85690,43,11,11,
2020,85690,43,12,12,1
2020,85690,43,13,13,
2020,85690,43,14,14,10
2020,85690,43,15,15,7
2020,85690,43,16,16,
2020,85690,43,17,17,
2020,85690,43,18,18,11
2020,85690,43,19,19,5
2020,85690,43,20,20,1
2020,85690,43,21,21,3
2020,85690,43,22,22,
2020,85690,43,23,23,3
2020,85690,43,24,24,1
2020,85690,43,25,25,1
2020,85690,44,1,1,11
2020,85690,44,2,2,3
2020,85690,44,3,3,
2020,85690,44,4,4,3
2020,85690,44,5,5,1
2020,85690,44,6,6,
2020,85690,44,7,7,9
2020,85690,44,8,8,1
2020,85690,44,9,9,3
2020,85690,44,10,10,1
2020,85690,44,11,11,4
2020,85690,44,12,12,1
2020,85690,44,13,13,
2020,85690,44,14,14,3
2020,85690,44,15,15,3
2020,85690,44,16,16,4
2020,85690,44,17,17,1
2020,85690,44,18,18,
2020,85690,44,19,19,3
2020,85690,44,20,20,7
2020,85690,44,21,21,1
2020,85690,44,22,22,1
2020,85690,44,23,23,1
2020,85690,44,24,24,5
2020,85690,44,25,25,
2020,85690,45,1,1,21
2020,85690,45,2,2,12
2020,85690,45,3,3,37
2020,85690,45,4,4,19
2020,85690,45,5,5,17
2020,85690,45,6,6,9
2020,85690,45,7,7,25
2020,85690,45,8,8,15
2020,85690,45,9,9,4
2020,85690,45,10,10,11
2020,85690,45,11,11,21
2020,85690,45,12,12,47
2020,85690,45,13,13,28
2020,85690,45,14,14,43
2020,85690,45,15,15,45
2020,85690,45,16,16,32
2020,85690,45,17,17,22
2020,85690,45,18,18,39
2020,85690,45,19,19,34
2020,85690,45,20,20,36
2020,85690,45,21,21,36
2020,85690,45,22,22,24
2020,85690,45,23,23,23
2020,85690,45,24,24,20
2020,85690,45,25,25,26
2020,85690,46,1,1,74
2020,85690,46,2,2,30
2020,85690,46,3,3,23
2020,85690,46,4,4,40
2020,85690,46,5,5,24
2020,85690,46,6,6,39
2020,85690,46,7,7,27
2020,85690,46,8,8,40
2020,85690,46,9,9,32
2020,85690,46,10,10,21
2020,85690,46,11,11,29
2020,85690,46,12,12,30
2020,85690,46,13,13,26
2020,85690,46,14,14,27
2020,85690,46,15,15,21
2020,85690,46,16,16,24
2020,85690,46,17,17,24
2020,85690,46,18,18,44
2020,85690,46,19,19,50
2020,85690,46,20,20,81
2020,85690,46,21,21,50
2020,85690,46,22,22,46
2020,85690,46,23,23,122
2020,85690,46,24,24,73
2020,85690,46,25,25,34
2020,85690,47,1,1,20
2020,85690,47,2,2,11
2020,85690,47,3,3,33
2020,85690,47,4,4,2
2020,85690,47,5,5,6
2020,85690,47,6,6,15
2020,85690,47,7,7,13
2020,85690,47,8,8,11
2020,85690,47,9,9,30
2020,85690,47,10,10,20
2020,85690,47,11,11,5
2020,85690,47,12,12,37
2020,85690,47,13,13,34
2020,85690,47,14,14,12
2020,85690,47,15,15,29
2020,85690,47,16,16,15
2020,85690,47,17,17,14
2020,85690,47,18,18,20
2020,85690,47,19,19,32
2020,85690,47,20,20,18
2020,85690,47,21,21,32
2020,85690,47,22,22,31
2020,85690,47,23,23,15
2020,85690,47,24,24,40
2020,85690,47,25,25,63
2020,85690,48,1,1,46
2020,85690,48,2,2,25
2020,85690,48,3,3,52
2020,85690,48,4,4,17
2020,85690,48,5,5,27
2020,85690,48,6,6,12
2020,85690,48,7,7,
2020,85690,48,8,8,23
2020,85690,48,9,9,35
2020,85690,48,10,10,26
2020,85690,48,11,11,15
2020,85690,48,12,12,14
2020,85690,48,13,13,41
2020,85690,48,14,14,26
2020,85690,48,15,15,11
2020,85690,48,16,16,5
2020,85690,48,17,17,15
2020,85690,48,18,18,32
2020,85690,48,19,19,22
2020,85690,48,20,20,23
2020,85690,48,21,21,22
2020,85690,48,22,22,30
2020,85690,48,23,23,9
2020,85690,48,24,24,12
2020,85690,48,25,25,17
2020,85690,49,1,1,36
2020,85690,49,2,2,11
2020,85690,49,3,3,32
2020,85690,49,4,4,27
2020,85690,49,5,5,35
2020,85690,49,6,6,22
2020,85690,49,7,7,20
2020,85690,49,8,8,35
2020,85690,49,9,9,49
2020,85690,49,10,10,11
2020,85690,49,11,11,21
2020,85690,49,12,12,30
2020,85690,49,13,13,62
2020,85690,49,14,14,30
2020,85690,49,15,15,24
2020,85690,49,16,16,27
2020,85690,49,17,17,18
2020,85690,49,18,18,28
2020,85690,49,19,19,29
2020,85690,49,20,20,17
2020,85690,49,21,21,28
2020,85690,49,22,22,20
2020,85690,49,23,23,42
2020,85690,49,24,24,43
2020,85690,49,25,25,38
2020,85690,50,1,1,4
2020,85690,50,2,2,2
2020,85690,50,3,3,5
2020,85690,50,4,4,
2020,85690,50,5,5,
2020,85690,50,6,6,
2020,85690,50,7,7,
2020,85690,50,8,8,1
2020,85690,50,9,9,
2020,85690,50,10,10,
2020,85690,50,11,11,
2020,85690,50,12,12,
2020,85690,50,13,13,
2020,85690,50,14,14,
2020,85690,50,15,15,
2020,85690,50,16,16,
2020,85690,50,17,17,
2020,85690,50,18,18,
2020,85690,50,19,19,
2020,85690,50,20,20,
2020,85690,50,21,21,
2020,85690,50,22,22,
2020,85690,50,23,23,
2020,85690,50,24,24,
2020,85690,50,25,25,
2020,85690,51,1,1,18
2020,85690,51,2,2,15
2020,85690,51,3,3,17
2020,85690,51,4,4,33
2020,85690,51,5,5,17
2020,85690,51,6,6,21
2020,85690,51,7,7,22
2020,85690,51,8,8,29
2020,85690,51,9,9,11
2020,85690,51,10,10,11
2020,85690,51,11,11,28
2020,85690,51,12,12,29
2020,85690,51,13,13,21
2020,85690,51,14,14,35
2020,85690,51,15,15,30
2020,85690,51,16,16,48
2020,85690,51,17,17,42
2020,85690,51,18,18,43
2020,85690,51,19,19,27
2020,85690,51,20,20,27
2020,85690,51,21,21,21
2020,85690,51,22,22,27
2020,85690,51,23,23,34
2020,85690,51,24,24,29
2020,85690,51,25,25,39
2020,85690,52,1,1,
2020,85690,52,2,2,
2020,85690,52,3,3,
2020,85690,52,4,4,
2020,85690,52,5,5,
2020,85690,52,6,6,
2020,85690,52,7,7,
2020,85690,52,8,8,
2020,85690,52,9,9,
2020,85690,52,10,10,
2020,85690,52,11,11,2
2020,85690,52,12,12,
2020,85690,52,13,13,
2020,85690,52,14,14,
2020,85690,52,15,15,
2020,85690,52,16,16,
2020,85690,52,17,17,
2020,85690,52,18,18,9
2020,85690,52,19,19,1
2020,85690,52,20,20,
2020,85690,52,21,21,
2020,85690,52,22,22,
2020,85690,52,23,23,
2020,85690,52,24,24,1
2020,85690,52,25,25,
2020,85690,53,1,1,51
2020,85690,53,2,2,49
2020,85690,53,3,3,62
2020,85690,53,4,4,71
2020,85690,53,5,5,76
2020,85690,53,6,6,52
2020,85690,53,7,7,44
2020,85690,53,8,8,31
2020,85690,53,9,9,15
2020,85690,53,10,10,
2020,85690,53,11,11,40
2020,85690,53,12,12,15
2020,85690,53,13,13,25
2020,85690,53,14,14,59
2020,85690,53,15,15,34
2020,85690,53,16,16,36
2020,85690,53,17,17,69
2020,85690,53,18,18,74
2020,85690,53,19,19,32
2020,85690,53,20,20,20
2020,85690,53,21,21,53
2020,85690,53,22,22,46
2020,85690,53,23,23,55
2020,85690,53,24,24,52
2020,85690,53,25,25,67
2020,85690,54,1,1,57
2020,85690,54,2,2,21
2020,85690,54,3,3,16
2020,85690,54,4,4,12
2020,85690,54,5,5,26
2020,85690,54,6,6,48
2020,85690,54,7,7,84
2020,85690,54,8,8,60
2020,85690,54,9,9,28
2020,85690,54,10,10,68
2020,85690,54,11,11,64
2020,85690,54,12,12,100
2020,85690,54,13,13,94
2020,85690,54,14,14,75
2020,85690,54,15,15,51
2020,85690,54,16,16,59
2020,85690,54,17,17,37
2020,85690,54,18,18,74
2020,85690,54,19,19,62
2020,85690,54,20,20,76
2020,85690,54,21,21,61
2020,85690,54,22,22,28
2020,85690,54,23,23,11
2020,85690,54,24,24,5
2020,85690,54,25,25,16
2020,85690,55,1,1,19
2020,85690,55,2,2,17
2020,85690,55,3,3,41
2020,85690,55,4,4,29
2020,85690,55,5,5,20
2020,85690,55,6,6,39
2020,85690,55,7,7,5
2020,85690,55,8,8,20
2020,85690,55,9,9,48
2020,85690,55,10,10,17
2020,85690,55,11,11,30
2020,85690,55,12,12,16
2020,85690,55,13,13,1
2020,85690,55,14,14,36
2020,85690,55,15,15,20
2020,85690,55,16,16,22
2020,85690,55,17,17,8
2020,85690,55,18,18,28
2020,85690,55,19,19,13
2020,85690,55,20,20,8
2020,85690,55,21,21,9
2020,85690,55,22,22,11
2020,85690,55,23,23,14
2020,85690,55,24,24,7
2020,85690,55,25,25,12
2020,85690,56,1,1,
2020,85690,56,2,2,
2020,85690,56,3,3,1
2020,85690,56,4,4,
2020,85690,56,5,5,
2020,85690,56,6,6,1
2020,85690,56,7,7,1
2020,85690,56,8,8,
2020,85690,56,9,9,
2020,85690,56,10,10,
2020,85690,56,11,11,
2020,85690,56,12,12,
2020,85690,56,13,13,3
2020,85690,56,14,14,
2020,85690,56,15,15,
2020,85690,56,16,16,1
2020,85690,56,17,17,3
2020,85690,56,18,18,2
2020,85690,56,19,19,
2020,85690,56,20,20,
2020,85690,56,21,21,3
2020,85690,56,22,22,2
2020,85690,56,23,23,
2020,85690,56,24,24,
2020,85690,56,25,25,
2020,85690,57,1,1,
2020,85690,57,2,2,
2020,85690,57,3,3,
2020,85690,57,4,4,
2020,85690,57,5,5,1
2020,85690,57,6,6,
2020,85690,57,7,7,1
2020,85690,57,8,8,
2020,85690,57,9,9,
2020,85690,57,10,10,
2020,85690,57,11,11,1
2020,85690,57,12,12,
2020,85690,57,13,13,
2020,85690,57,14,14,1
2020,85690,57,15,15,
2020,85690,57,16,16,
2020,85690,57,17,17,
2020,85690,57,18,18,
2020,85690,57,19,19,
2020,85690,57,20,20,
2020,85690,57,21,21,1
2020,85690,57,22,22,1
2020,85690,57,23,23,1
2020,85690,57,24,24,
2020,85690,57,25,25,
2020,85690,58,1,1,23
2020,85690,58,2,2,29
2020,85690,58,3,3,30
2020,85690,58,4,4,42
2020,85690,58,5,5,36
2020,85690,58,6,6,38
2020,85690,58,7,7,34
2020,85690,58,8,8,36
2020,85690,58,9,9,36
2020,85690,58,10,10,23
2020,85690,58,11,11,34
2020,85690,58,12,12,41
2020,85690,58,13,13,58
2020,85690,58,14,14,63
2020,85690,58,15,15,48
2020,85690,58,16,16,69
2020,85690,58,17,17,30
2020,85690,58,18,18,71
2020,85690,58,19,19,73
2020,85690,58,20,20,43
2020,85690,58,21,21,104
2020,85690,58,22,22,78
2020,85690,58,23,23,60
2020,85690,58,24,24,72
2020,85690,58,25,25,66
2020,85690,59,1,1,
2020,85690,59,2,2,
2020,85690,59,3,3,
2020,85690,59,4,4,
2020,85690,59,5,5,
2020,85690,59,6,6,
2020,85690,59,7,7,
2020,85690,59,8,8,
2020,85690,59,9,9,1
2020,85690,59,10,10,
2020,85690,59,11,11,
2020,85690,59,12,12,
2020,85690,59,13,13,
2020,85690,59,14,14,
2020,85690,59,15,15,2
2020,85690,59,16,16,
2020,85690,59,17,17,
2020,85690,59,18,18,
2020,85690,59,19,19,2
2020,85690,59,20,20,
2020,85690,59,21,21,
2020,85690,59,22,22,
2020,85690,59,23,23,1
2020,85690,59,24,24,
2020,85690,59,25,25,
2020,85690,60,1,1,7
2020,85690,60,2,2,36
2020,85690,60,3,3,16
2020,85690,60,4,4,12
2020,85690,60,5,5,21
2020,85690,60,6,6,28
2020,85690,60,7,7,43
2020,85690,60,8,8,20
2020,85690,60,9,9,22
2020,85690,60,10,10,
2020,85690,60,11,11,52
2020,85690,60,12,12,51
2020,85690,60,13,13,30
2020,85690,60,15,14,73
2020,85690,60,16,15,44
2020,85690,60,17,16,19
2020,85690,60,18,17,35
2020,85690,60,19,18,29
2020,85690,60,20,19,17
2020,85690,60,21,20,2
2020,85690,60,22,21,52
2020,85690,60,23,22,74
2020,85690,60,24,23,43
2020,85690,60,25,24,47
2020,85690,60,26,25,67
2020,85690,61,1,1,6
2020,85690,61,2,2,5
2020,85690,61,3,3,11
2020,85690,61,4,4,1
2020,85690,61,5,5,2
2020,85690,61,6,6,2
2020,85690,61,7,7,4
2020,85690,61,8,8,8
2020,85690,61,9,9,8
2020,85690,61,10,10,3
2020,85690,61,11,11,8
2020,85690,61,12,12,18
2020,85690,61,13,13,4
2020,85690,61,14,14,10
2020,85690,61,15,15,1
2020,85690,61,16,16,3
2020,85690,61,17,17,1
2020,85690,61,18,18,
2020,85690,61,19,19,2
2020,85690,61,20,20,14
2020,85690,61,21,21,2
2020,85690,61,22,22,2
2020,85690,61,23,23,
2020,85690,61,24,24,2
2020,85690,61,25,25,3
2020,85690,62,1,1,8
2020,85690,62,2,2,11
2020,85690,62,3,3,1
2020,85690,62,4,4,3
2020,85690,62,5,5,8
2020,85690,62,6,6,10
2020,85690,62,7,7,9
2020,85690,62,8,8,2
2020,85690,62,9,9,3
2020,85690,62,10,10,
2020,85690,62,11,11,
2020,85690,62,12,12,4
2020,85690,62,13,13,1
2020,85690,62,14,14,3
2020,85690,62,15,15,3
2020,85690,62,16,16,
2020,85690,62,17,17,1
2020,85690,62,18,18,4
2020,85690,62,19,19,5
2020,85690,62,20,20,5
2020,85690,62,21,21,
2020,85690,62,22,22,
2020,85690,62,23,23,1
2020,85690,62,24,24,4
2020,85690,62,25,25,1
2020,85690,63,1,1,
2020,85690,63,2,2,8
2020,85690,63,3,3,1
2020,85690,63,4,4,6
2020,85690,63,5,5,8
2020,85690,63,6,6,1
2020,85690,63,7,7,6
2020,85690,63,8,8,17
2020,85690,63,9,9,1
2020,85690,63,10,10,10
2020,85690,63,11,11,
2020,85690,63,12,12,
2020,85690,63,13,13,
2020,85690,63,14,14,8
2020,85690,63,15,15,15
2020,85690,63,16,16,4
2020,85690,63,17,17,2
2020,85690,63,18,18,1
2020,85690,63,19,19,
2020,85690,63,20,20,11
2020,85690,63,21,21,
2020,85690,63,22,22,1
2020,85690,63,23,23,2
2020,85690,63,24,24,3
2020,85690,63,25,25,8
2020,85690,64,1,1,
2020,85690,64,2,2,4
2020,85690,64,3,3,
2020,85690,64,4,4,
2020,85690,64,5,5,1
2020,85690,64,6,6,
2020,85690,64,7,7,
2020,85690,64,8,8,
2020,85690,64,9,9,1
2020,85690,64,10,10,
2020,85690,64,11,11,
2020,85690,64,12,12,2
2020,85690,64,13,13,1
2020,85690,64,14,14,
2020,85690,64,15,15,5
2020,85690,64,16,16,
2020,85690,64,17,17,
2020,85690,64,18,18,
2020,85690,64,19,19,2
2020,85690,64,20,20,5
2020,85690,64,21,21,
2020,85690,64,22,22,
2020,85690,64,23,23,
2020,85690,64,24,24,
2020,85690,64,25,25,3
2020,85690,65,1,1,70
2020,85690,65,2,2,66
2020,85690,65,3,3,34
2020,85690,65,4,4,66
2020,85690,65,5,5,68
2020,85690,65,6,6,46
2020,85690,65,7,7,92
2020,85690,65,8,8,74
2020,85690,65,9,9,37
2020,85690,65,10,10,35
2020,85690,65,11,11,63
2020,85690,65,12,12,42
2020,85690,65,13,13,24
2020,85690,65,14,14,77
2020,85690,65,15,15,37
2020,85690,65,16,16,45
2020,85690,65,17,17,34
2020,85690,65,18,18,24
2020,85690,65,19,19,18
2020,85690,65,20,20,17
2020,85690,65,21,21,23
2020,85690,65,22,22,26
2020,85690,65,23,23,33
2020,85690,65,24,24,31
2020,85690,65,25,25,18
2020,85690,66,1,1,11
2020,85690,66,2,2,4
2020,85690,66,3,3,8
2020,85690,66,4,4,15
2020,85690,66,5,5,18
2020,85690,66,6,6,38
2020,85690,66,7,7,17
2020,85690,66,8,8,19
2020,85690,66,9,9,23
2020,85690,66,10,10,26
2020,85690,66,11,11,5
2020,85690,66,12,12,10
2020,85690,66,13,13,16
2020,85690,66,14,14,13
2020,85690,66,15,15,3
2020,85690,66,16,16,12
2020,85690,66,17,17,24
2020,85690,66,18,18,16
2020,85690,66,19,19,13
2020,85690,66,20,20,29
2020,85690,66,21,21,17
2020,85690,66,22,22,28
2020,85690,66,23,23,27
2020,85690,66,24,24,25
2020,85690,66,25,25,42
2020,85690,67,1,1,34
2020,85690,67,2,2,65
2020,85690,67,3,3,33
2020,85690,67,4,4,16
2020,85690,67,5,5,35
2020,85690,67,6,6,30
2020,85690,67,7,7,38
2020,85690,67,8,8,48
2020,85690,67,9,9,44
2020,85690,67,10,10,26
2020,85690,67,11,11,37
2020,85690,67,12,12,19
2020,85690,67,13,13,24
2020,85690,67,14,14,26
2020,85690,67,15,15,34
2020,85690,67,16,16,20
2020,85690,67,17,17,25
2020,85690,67,18,18,22
2020,85690,67,19,19,28
2020,85690,67,20,20,17
2020,85690,67,21,21,19
2020,85690,67,22,22,29
2020,85690,67,23,23,13
2020,85690,67,24,24,28
2020,85690,67,25,25,11
2020,85690,68,1,1,39
2020,85690,68,2,2,32
2020,85690,68,3,3,45
2020,85690,68,4,4,54
2020,85690,68,5,5,34
2020,85690,68,6,6,52
2020,85690,68,7,7,1
2020,85690,68,8,8,57
2020,85690,68,9,9,23
2020,85690,68,10,10,
2020,85690,68,11,11,10
2020,85690,68,12,12,60
2020,85690,68,13,13,2
2020,85690,68,14,14,
2020,85690,68,15,15,37
2020,85690,68,16,16,42
2020,85690,68,17,17,10
2020,85690,68,18,18,57
2020,85690,68,19,19,5
2020,85690,68,20,20,
2020,85690,68,21,21,49
2020,85690,68,22,22,12
2020,85690,68,23,23,11
2020,85690,68,24,24,11
2020,85690,68,25,25,11
2020,85690,69,1,1,30
2020,85690,69,2,2,42
2020,85690,69,3,3,45
2020,85690,69,4,4,34
2020,85690,69,5,5,37
2020,85690,69,6,6,21
2020,85690,69,7,7,33
2020,85690,69,8,8,34
2020,85690,69,9,9,26
2020,85690,69,10,10,18
2020,85690,69,11,11,18
2020,85690,69,12,12,21
2020,85690,69,13,13,20
2020,85690,69,14,14,24
2020,85690,69,15,15,15
2020,85690,69,16,16,10
2020,85690,69,17,17,18
2020,85690,69,18,18,28
2020,85690,69,19,19,21
2020,85690,69,20,20,22
2020,85690,69,21,21,22
2020,85690,69,22,22,31
2020,85690,69,23,23,24
2020,85690,69,24,24,22
2020,85690,69,25,25,19
2020,85690,70,1,1,43
2020,85690,70,2,2,61
2020,85690,70,3,3,50
2020,85690,70,4,4,37
2020,85690,70,5,5,4
2020,85690,70,6,6,18
2020,85690,70,7,7,41
2020,85690,70,8,8,17
2020,85690,70,9,9,12
2020,85690,70,10,10,14
2020,85690,70,11,11,19
2020,85690,70,12,12,18
2020,85690,70,13,13,4
2020,85690,70,14,14,5
2020,85690,70,15,15,2
2020,85690,70,16,16,3
2020,85690,70,17,17,2
2020,85690,70,18,18,13
2020,85690,70,19,19,10
2020,85690,70,20,20,33
2020,85690,70,21,21,12
2020,85690,70,22,22,19
2020,85690,70,23,23,13
2020,85690,70,24,24,53
2020,85690,70,25,25,53
2020,85690,71,1,1,57
2020,85690,71,2,2,50
2020,85690,71,3,3,47
2020,85690,71,4,4,42
2020,85690,71,5,5,48
2020,85690,71,6,6,26
2020,85690,71,7,7,38
2020,85690,71,8,8,34
2020,85690,71,9,9,18
2020,85690,71,10,10,35
2020,85690,71,11,11,42
2020,85690,71,12,12,17
2020,85690,71,13,13,32
2020,85690,71,14,14,26
2020,85690,71,15,15,16
2020,85690,71,16,16,15
2020,85690,71,17,17,8
2020,85690,71,18,18,6
2020,85690,71,19,19,6
2020,85690,71,20,20,18
2020,85690,71,21,21,26
2020,85690,71,22,22,21
2020,85690,71,23,23,32
2020,85690,71,24,24,1
2020,85690,71,25,25,34
2020,85690,72,1,1,75
2020,85690,72,2,2,40
2020,85690,72,3,3,59
2020,85690,72,4,4,41
2020,85690,72,5,5,55
2020,85690,72,6,6,82
2020,85690,72,7,7,53
2020,85690,72,8,8,48
2020,85690,72,9,9,57
2020,85690,72,10,10,77
2020,85690,72,11,11,62
2020,85690,72,12,12,64
2020,85690,72,13,13,36
2020,85690,72,14,14,52
2020,85690,72,15,15,52
2020,85690,72,16,16,52
2020,85690,72,17,17,42
2020,85690,72,18,18,36
2020,85690,72,19,19,18
2020,85690,72,20,20,14
2020,85690,72,21,21,20
2020,85690,72,22,22,14
2020,85690,72,23,23,33
2020,85690,72,24,24,23
2020,85690,72,25,25,6
2020,85690,73,1,1,2
2020,85690,73,2,2,4
2020,85690,73,3,3,1
2020,85690,73,4,4,5
2020,85690,73,5,5,25
2020,85690,73,6,6,27
2020,85690,73,7,7,17
2020,85690,73,8,8,11
2020,85690,73,9,9,4
2020,85690,73,10,10,20
2020,85690,73,11,11,15
2020,85690,73,12,12,9
2020,85690,73,13,13,14
2020,85690,73,14,14,21
2020,85690,73,15,15,27
2020,85690,73,16,16,16
2020,85690,73,17,17,17
2020,85690,73,18,18,18
2020,85690,73,19,19,6
2020,85690,73,20,20,20
2020,85690,73,21,21,20
2020,85690,73,22,22,19
2020,85690,73,23,23,
2020,85690,73,24,24,32
2020,85690,73,25,25,48
2020,85690,74,1,1,17
2020,85690,74,2,2,28
2020,85690,74,3,3,16
2020,85690,74,4,4,17
2020,85690,74,5,5,27
2020,85690,74,6,6,33
2020,85690,74,7,7,28
2020,85690,74,8,8,35
2020,85690,74,9,9,30
2020,85690,74,10,10,54
2020,85690,74,11,11,54
2020,85690,74,12,12,55
2020,85690,74,13,13,36
2020,85690,74,14,14,51
2020,85690,74,15,15,46
2020,85690,74,16,16,121
2020,85690,74,17,17,35
2020,85690,74,18,18,41
2020,85690,74,19,19,84
2020,85690,74,20,20,27
2020,85690,74,21,21,57
2020,85690,74,22,22,61
2020,85690,74,23,23,37
2020,85690,74,24,24,22
2020,85690,74,25,25,23
2020,85690,75,1,1,
2020,85690,75,2,2,
2020,85690,75,3,3,
2020,85690,75,4,4,
2020,85690,75,5,5,10
2020,85690,75,6,6,
2020,85690,75,7,7,3
2020,85690,75,8,8,
2020,85690,75,9,9,
2020,85690,75,10,10,
2020,85690,75,11,11,
2020,85690,75,12,12,
2020,85690,75,13,13,4
2020,85690,75,14,14,1
2020,85690,75,15,15,7
2020,85690,75,16,16,
2020,85690,75,17,17,
2020,85690,75,18,18,
2020,85690,75,19,19,
2020,85690,75,20,20,
2020,85690,75,21,21,
2020,85690,75,22,22,
2020,85690,75,23,23,
2020,85690,75,24,24,
2020,85690,75,25,25,
2020,85690,76,1,1,
2020,85690,76,2,2,4
2020,85690,76,3,3,
2020,85690,76,4,4,
2020,85690,76,5,5,
2020,85690,76,6,6,
2020,85690,76,7,7,
2020,85690,76,8,8,
2020,85690,76,9,9,
2020,85690,76,10,10,2
2020,85690,76,11,11,1
2020,85690,76,12,12,
2020,85690,76,13,13,
2020,85690,76,14,14,1
2020,85690,76,15,15,
2020,85690,76,16,16,1
2020,85690,76,17,17,
2020,85690,76,18,18,
2020,85690,76,19,19,
2020,85690,76,20,20,
2020,85690,76,21,21,
2020,85690,76,22,22,
2020,85690,76,23,23,
2020,85690,76,24,24,
2020,85690,76,25,25,
2020,85690,77,1,1,23
2020,85690,77,2,2,9
2020,85690,77,3,3,33
2020,85690,77,4,4,5
2020,85690,77,5,5,25
2020,85690,77,6,6,10
2020,85690,77,7,7,24
2020,85690,77,8,8,17
2020,85690,77,9,9,29
2020,85690,77,10,10,13
2020,85690,77,11,11,36
2020,85690,77,12,12,17
2020,85690,77,13,13,16
2020,85690,77,14,14,12
2020,85690,77,15,15,22
2020,85690,77,16,16,34
2020,85690,77,17,17,16
2020,85690,77,18,18,29
2020,85690,77,19,19,36
2020,85690,77,20,20,10
2020,85690,77,21,21,24
2020,85690,77,22,22,22
2020,85690,77,23,23,16
2020,85690,77,24,24,13
2020,85690,77,25,25,15
2020,85690,78,1,1,7
2020,85690,78,2,2,3
2020,85690,78,3,3,1
2020,85690,78,4,4,3
2020,85690,78,5,5,
2020,85690,78,6,6,
2020,85690,78,7,7,2
2020,85690,78,8,8,6
2020,85690,78,9,9,
2020,85690,78,10,10,
2020,85690,78,11,11,
2020,85690,78,12,12,1
2020,85690,78,13,13,12
2020,85690,78,14,14,
2020,85690,78,15,15,2
2020,85690,78,16,16,
2020,85690,78,17,17,7
2020,85690,78,18,18,12
2020,85690,78,19,19,7
2020,85690,78,20,20,1
2020,85690,78,21,21,8
2020,85690,78,22,22,3
2020,85690,78,23,23,
2020,85690,78,24,24,8
2020,85690,78,25,25,3
2020,85690,79,1,1,1
2020,85690,79,2,2,17
2020,85690,79,3,3,
2020,85690,79,4,4,3
2020,85690,79,5,5,4
2020,85690,79,6,6,1
2020,85690,79,7,7,5
2020,85690,79,8,8,1
2020,85690,79,9,9,5
2020,85690,79,10,10,7
2020,85690,79,11,11,7
2020,85690,79,12,12,10
2020,85690,79,13,13,5
2020,85690,79,14,14,
2020,85690,79,15,15,9
2020,85690,79,16,16,
2020,85690,79,17,17,7
2020,85690,79,18,18,2
2020,85690,79,19,19,
2020,85690,79,20,20,
2020,85690,79,21,21,3
2020,85690,79,22,22,15
2020,85690,79,23,23,2
2020,85690,79,24,24,2
2020,85690,79,25,25,
2020,85690,80,1,1,6
2020,85690,80,2,2,
2020,85690,80,3,3,
2020,85690,80,4,4,22
2020,85690,80,5,5,4
2020,85690,80,6,6,34
2020,85690,80,7,7,11
2020,85690,80,8,8,15
2020,85690,80,9,9,7
2020,85690,80,10,10,18
2020,85690,80,11,11,7
2020,85690,80,12,12,14
2020,85690,80,13,13,16
2020,85690,80,14,14,26
2020,85690,80,15,15,42
2020,85690,80,16,16,19
2020,85690,80,17,17,18
2020,85690,80,18,18,31
2020,85690,80,19,19,11
2020,85690,80,20,20,8
2020,85690,80,21,21,12
2020,85690,80,22,22,5
2020,85690,80,23,23,10
2020,85690,80,24,24,9
2020,85690,80,25,25,2
2020,85690,81,1,1,
2020,85690,81,2,2,
2020,85690,81,3,3,1
2020,85690,81,4,4,
2020,85690,81,5,5,
2020,85690,81,6,6,1
2020,85690,81,7,7,
2020,85690,81,8,8,
2020,85690,81,9,9,
2020,85690,81,10,10,
2020,85690,81,11,11,
2020,85690,81,12,12,
2020,85690,81,13,13,1
2020,85690,81,14,14,3
2020,85690,81,15,15,
2020,85690,81,16,16,
2020,85690,81,17,17,3
2020,85690,81,18,18,
2020,85690,81,19,19,2
2020,85690,81,20,20,
2020,85690,81,21,21,
2020,85690,81,22,22,
2020,85690,81,23,23,4
2020,85690,81,24,24,
2020,85690,81,25,25,
2020,85690,82,1,1,68
2020,85690,82,2,2,58
2020,85690,82,3,3,32
2020,85690,82,4,4,46
2020,85690,82,5,5,29
2020,85690,82,6,6,72
2020,85690,82,7,7,45
2020,85690,82,8,8,19
2020,85690,82,9,9,30
2020,85690,82,10,10,26
2020,85690,82,11,11,26
2020,85690,82,12,12,31
2020,85690,82,13,13,31
2020,85690,82,14,14,38
2020,85690,82,15,15,42
2020,85690,82,16,16,21
2020,85690,82,17,17,43
2020,85690,82,18,18,36
2020,85690,82,19,19,34
2020,85690,82,20,20,41
2020,85690,82,21,21,46
2020,85690,82,22,22,11
2020,85690,82,23,23,31
2020,85690,82,24,24,45
2020,85690,82,25,25,23
2020,85690,83,1,1,12
2020,85690,83,2,2,8
2020,85690,83,3,3,4
2020,85690,83,4,4,11
2020,85690,83,5,5,1
2020,85690,83,6,6,6
2020,85690,83,7,7,5
2020,85690,83,8,8,7
2020,85690,83,9,9,19
2020,85690,83,10,10,27
2020,85690,83,11,11,12
2020,85690,83,12,12,10
2020,85690,83,13,13,15
2020,85690,83,14,14,18
2020,85690,83,15,15,8
2020,85690,83,16,16,14
2020,85690,83,17,17,15
2020,85690,83,18,18,4
2020,85690,83,19,19,17
2020,85690,83,20,20,10
2020,85690,83,21,21,11
2020,85690,83,22,22,14
2020,85690,83,23,23,12
2020,85690,83,24,24,8
2020,85690,83,25,25,13
2020,85690,84,1,1,
2020,85690,84,2,2,7
2020,85690,84,3,3,18
2020,85690,84,4,4,19
2020,85690,84,5,5,5
2020,85690,84,6,6,23
2020,85690,84,7,7,33
2020,85690,84,8,8,4
2020,85690,84,9,9,7
2020,85690,84,10,10,20
2020,85690,84,11,11,32
2020,85690,84,12,12,47
2020,85690,84,13,13,30
2020,85690,84,14,14,39
2020,85690,84,15,15,46
2020,85690,84,16,16,32
2020,85690,84,17,17,20
2020,85690,84,18,18,27
2020,85690,84,19,19,19
2020,85690,84,20,20,33
2020,85690,84,21,21,37
2020,85690,84,22,22,23
2020,85690,84,23,23,21
2020,85690,84,24,24,39
2020,85690,84,25,25,42
2020,85690,85,1,1,20
2020,85690,85,2,2,16
2020,85690,85,3,3,6
2020,85690,85,4,4,23
2020,85690,85,5,5,25
2020,85690,85,6,6,27
2020,85690,85,7,7,15
2020,85690,85,8,8,25
2020,85690,85,9,9,42
2020,85690,85,10,10,19
2020,85690,85,11,11,40
2020,85690,85,12,12,31
2020,85690,85,13,13,20
2020,85690,85,14,14,22
2020,85690,85,15,15,34
2020,85690,85,16,16,30
2020,85690,85,17,17,29
2020,85690,85,18,18,31
2020,85690,85,19,19,26
2020,85690,85,20,20,39
2020,85690,85,21,21,10
2020,85690,85,22,22,28
2020,85690,85,23,23,54
2020,85690,85,24,24,18
2020,85690,85,25,25,18
2020,85690,86,1,1,21
2020,85690,86,2,2,33
2020,85690,86,3,3,19
2020,85690,86,4,4,21
2020,85690,86,5,5,40
2020,85690,86,6,6,44
2020,85690,86,7,7,12
2020,85690,86,8,8,21
2020,85690,86,9,9,26
2020,85690,86,10,10,1
2020,85690,86,11,11,24
2020,85690,86,12,12,29
2020,85690,86,13,13,35
2020,85690,86,14,14,32
2020,85690,86,15,15,11
2020,85690,86,16,16,43
2020,85690,86,17,17,25
2020,85690,86,18,18,31
2020,85690,86,19,19,29
2020,85690,86,20,20,21
2020,85690,86,21,21,25
2020,85690,86,22,22,31
2020,85690,86,23,23,39
2020,85690,86,24,24,34
2020,85690,86,25,25,34
2020,85690,87,1,1,16
2020,85690,87,2,2,35
2020,85690,87,3,3,16
2020,85690,87,4,4,9
2020,85690,87,5,5,8
2020,85690,87,6,6,
2020,85690,87,7,7,17
2020,85690,87,8,8,20
2020,85690,87,9,9,8
2020,85690,87,10,10,4
2020,85690,87,11,11,
2020,85690,87,12,12,6
2020,85690,87,13,13,5
2020,85690,87,14,14,
2020,85690,87,15,15,5
2020,85690,87,16,16,5
2020,85690,87,17,17,19
2020,85690,87,18,18,6
2020,85690,87,19,19,16
2020,85690,87,20,20,1
2020,85690,87,21,21,6
2020,85690,87,22,22,13
2020,85690,87,23,23,16
2020,85690,87,24,24,5
2020,85690,87,25,25,8
